area_type,availability,location,size,society,total_sqft,bath,balcony,price
Built-up  Area,Ready To Move,Banjara Layout,2 Bedroom,,1050,2.0,1.0,64.8
Super built-up  Area,Ready To Move,Rajiv Nagar,3 BHK,PuoodSk,1690,3.0,1.0,125.0
Built-up  Area,Ready To Move,Hebbal,2 BHK,,1100,2.0,1.0,60.0
Plot  Area,Ready To Move,Munnekollal,6 Bedroom,,1200,4.0,2.0,110.0
Built-up  Area,18-Apr,Choodasandra,4 Bedroom,LGifeew,2429,3.0,1.0,210.0
Built-up  Area,Ready To Move,Byatarayanapura,3 BHK,Foconna,1325,2.0,1.0,90.0
Super built-up  Area,Ready To Move,Byrasandra,2 BHK,,1250,2.0,2.0,65.0
Super built-up  Area,21-Dec,Kanakpura Road,2 BHK,,700,2.0,1.0,35.0
Built-up  Area,18-Mar,Whitefield,3 BHK,MKensi ,1650,3.0,2.0,48.0
Super built-up  Area,Ready To Move,Chikkalasandra,2 BHK,,1208,2.0,1.0,49.0
Super built-up  Area,Ready To Move,Kalena Agrahara,2 BHK,,1120,2.0,2.0,40.0
Super built-up  Area,18-Jul,Bhoganhalli,4 BHK,Rosha I,2119,4.0,3.0,111.0
Super built-up  Area,18-Jul,Sarjapur,2 BHK,Vehes L,1157,2.0,1.0,40.0
Plot  Area,Ready To Move,Nagarbhavi,5 Bedroom,,1200,4.0,3.0,240.0
Super built-up  Area,Ready To Move,Yeshwanthpur,3 BHK,IBityin,1679,3.0,,92.13
Plot  Area,Ready To Move,Whitefield,4 Bedroom,Chllea ,4356,5.0,1.0,850.0
Super built-up  Area,19-Aug,Begur Road,3 BHK,Pruthg ,1583,3.0,1.0,74.4
Super built-up  Area,Ready To Move,Thanisandra,2 BHK,SLaceda,1100,2.0,1.0,38.0
Super built-up  Area,Ready To Move,Rayasandra,3 BHK,MJeusyl,1601,3.0,3.0,70.0
Super built-up  Area,Ready To Move,Indira Nagar,2 BHK,,1200,2.0,2.0,93.0
Super built-up  Area,Ready To Move,Thippasandra,1 BHK,,650,1.0,0.0,30.0
Super built-up  Area,Ready To Move,Vittasandra,2 BHK,,1246,2.0,1.0,65.0
Built-up  Area,Ready To Move,Lakshminarayana Pura,2 BHK,RothaVa,1200,2.0,1.0,75.0
Super built-up  Area,Ready To Move,Bharathi Nagar,2 BHK,ReudePr,1349,2.0,2.0,56.7
Super built-up  Area,18-Jul,Sarjapur  Road,2 BHK,,1194,2.0,1.0,57.0
Super built-up  Area,Ready To Move,Yeshwanthpur,1 BHK,IBityin,665,1.0,1.0,36.85
Super built-up  Area,18-Aug,Magadi Road,2 BHK,Vrenty ,1005,2.0,1.0,55.78
Built-up  Area,Ready To Move,Hebbal,2 BHK,Diaveic,1075,2.0,0.0,52.0
Super built-up  Area,19-Dec,Chandapura,2 BHK,SuVue S,1025,2.0,2.0,27.68
Built-up  Area,Ready To Move,Banashankari,2 BHK,Sriseva,600,1.0,0.0,27.0
Plot  Area,Ready To Move,Bapuji Nagar,4 Bedroom,,1125,3.0,2.0,126.0
Super built-up  Area,18-Mar,Indira Nagar,3 BHK,,2601,4.0,,312.0
Built-up  Area,Ready To Move,Green Glen Layout,3 BHK,Prodsm ,1625,3.0,2.0,70.0
Super built-up  Area,Ready To Move,Devanahalli,2 BHK,Brntsal,1010,2.0,1.0,51.0
Super built-up  Area,Ready To Move,Uttarahalli,2 BHK,Aklia R,1125,2.0,1.0,48.0
Super built-up  Area,Ready To Move,Dodda Nekkundi,3 BHK,,1999,3.0,2.0,132.0
Plot  Area,Ready To Move,Nagarbhavi,4 Bedroom,,600,3.0,0.0,77.0
Built-up  Area,Ready To Move,Hoodi,3 BHK,,1490,3.0,0.0,85.0
Super built-up  Area,21-Jul,Koramangala,3 BHK,G ceses,1605,3.0,2.0,260.0
Plot  Area,18-Aug,Whitefield,3 Bedroom,,1500,3.0,1.0,78.57
Super built-up  Area,Ready To Move,Banaswadi,2 BHK,RailsDa,870,2.0,2.0,38.0
Plot  Area,Ready To Move,Akshya Nagar,2 Bedroom,,1200,2.0,1.0,76.0
Super built-up  Area,Ready To Move,HBR Layout,2 BHK,Feissx ,1004,2.0,1.0,49.0
Super built-up  Area,Ready To Move,Doddathoguru,2 BHK,VBpleMa,1140,2.0,2.0,26.49
Plot  Area,18-Apr,Banjara Layout,4 Bedroom,,1200,4.0,1.0,105.0
Super built-up  Area,Ready To Move,Begur Road,2 BHK,Dhalsh ,1200,2.0,2.0,43.2
Super built-up  Area,Ready To Move,Sarjapur  Road,2 BHK,Shthi S,970,2.0,1.0,36.0
Super built-up  Area,Ready To Move,Kaggalipura,3 BHK,Baowsig,1210,2.0,1.0,65.0
Built-up  Area,Ready To Move,7th Phase JP Nagar,2 BHK,AiIIIpl,1000,2.0,2.0,60.0
Built-up  Area,Ready To Move,Varthur,2 BHK,HioraTr,1160,2.0,2.0,44.0
Built-up  Area,Ready To Move,1st Phase JP Nagar,2 BHK,NCaveun,1394,2.0,2.0,85.0
Super built-up  Area,Ready To Move,Domlur,6 BHK,,2400,4.0,1.0,600.0
Built-up  Area,18-Jul,Electronic City Phase II,3 BHK,Sryalan,1220,3.0,1.0,36.6
Super built-up  Area,Ready To Move,Sarjapur  Road,2 BHK,Contsci,1400,2.0,2.0,68.0
Super built-up  Area,Ready To Move,Kengeri Satellite Town,2 BHK,ShyamSh,1120,2.0,2.0,49.0
Super built-up  Area,21-Jan,Kanakpura Road,3 BHK,PrarePa,1300,3.0,1.0,64.0
Plot  Area,Ready To Move,Kothanur,4 Bedroom,,1600,5.0,0.0,130.0
Super built-up  Area,Ready To Move,HRBR Layout,2 BHK,Srayatr,1265,2.0,1.0,78.0
Super built-up  Area,Ready To Move,Kengeri,1 BHK,,34.46Sq. Meter,1.0,0.0,18.5
Super built-up  Area,Ready To Move,Garudachar Palya,3 BHK,,1325,2.0,2.0,60.8
Plot  Area,18-Nov,Suragajakkanahalli,3 Bedroom,PrhyaK ,1200,3.0,2.0,72.0
Super built-up  Area,Ready To Move,Bellandur,2 BHK,Goner C,1015,2.0,1.0,60.0
Super built-up  Area,Ready To Move,Yelahanka,3 BHK,Pyikad ,1381,2.0,2.0,52.48
Plot  Area,Ready To Move,B Narayanapura,3 Bedroom,,1092,2.0,1.0,98.5
Super built-up  Area,Ready To Move,Sahakara Nagar,3 BHK,HoAcela,1914,3.0,2.0,149.0
Plot  Area,Ready To Move,Sector 7 HSR Layout,4 Bedroom,,3000,5.0,1.0,275.0
Built-up  Area,Ready To Move,Electronics City Phase 1,1 BHK,,638,1.0,1.0,32.0
Super built-up  Area,Ready To Move,Mahalakshmi Layout,3 BHK,RSntsja,1200,2.0,3.0,110.0
Super built-up  Area,Ready To Move,Kenchenahalli,3 BHK,AriosPa,1280,2.0,2.0,69.0
Super built-up  Area,Ready To Move,Iblur Village,4 BHK,Emine P,3633,5.0,1.0,335.0
Super built-up  Area,19-Mar,Hennur Road,3 BHK,Puachal,1679,3.0,2.0,94.86
Built-up  Area,Ready To Move,Judicial Layout,3 Bedroom,,1700,3.0,2.0,155.0
Super built-up  Area,Ready To Move,Bommanahalli,2 BHK,,1200,2.0,2.0,40.0
Super built-up  Area,Ready To Move,Rajaji Nagar,3 BHK,PhestOn,2386,3.0,,334.0
Super built-up  Area,Ready To Move,Indira Nagar Stage 2,2 BHK,,1196,2.0,1.0,96.0
Super built-up  Area,Ready To Move,Thigalarapalya,4 BHK,Prtanha,3122,6.0,2.0,235.0
Super built-up  Area,Ready To Move,Mysore Road,3 BHK,SaodySa,1568,2.0,2.0,100.0
Super built-up  Area,Ready To Move,HBR Layout,3 BHK,HMtesle,1656,3.0,2.0,90.0
Plot  Area,Ready To Move,Kasturi Nagar,4 Bedroom,,1200,4.0,2.0,250.0
Built-up  Area,Ready To Move,Bommanahalli,2 BHK,BlibuMa,1350,2.0,2.0,72.0
Plot  Area,Ready To Move,Samethanahalli,3 Bedroom,,2100,3.0,0.0,70.0
Super built-up  Area,Ready To Move,Anekal,2 BHK,,888,2.0,1.0,34.0
Built-up  Area,Ready To Move,Raja Rajeshwari Nagar,2 BHK,Arnis A,1000,2.0,0.0,50.0
Plot  Area,Ready To Move,Nobo Nagar,6 Bedroom,,1500,7.0,3.0,220.0
Plot  Area,Ready To Move,Whitefield,4 Bedroom,,1920,5.0,2.0,250.0
Built-up  Area,Ready To Move,Samethanahalli,2 BHK,SPontna,799,2.0,1.0,38.0
Super built-up  Area,Ready To Move,Doddaballapur,3 BHK,,1100Sq. Meter,2.0,1.0,48.0
Built-up  Area,19-Mar,"Panathur Road, ",1 BHK,,936,1.0,0.0,53.0
Built-up  Area,Ready To Move,Sarjapur  Road,3 BHK,,1470,3.0,0.0,62.0
Super built-up  Area,19-Jan,"JP Nagar 7th Phase, ",2 BHK,,1150,2.0,1.0,74.0
Built-up  Area,Ready To Move,Electronic City Phase II,1 BHK,,1200,1.0,0.0,295.0
Built-up  Area,Ready To Move,Basavanapura,2 BHK,Papusa ,1220,2.0,2.0,68.0
Super built-up  Area,Ready To Move,Dodda Nekkundi,2 BHK,,1100,2.0,1.0,41.18
Built-up  Area,Ready To Move,Electronic City,2 BHK,GMown E,1060,2.0,1.0,60.0
Super built-up  Area,Ready To Move,Raja Rajeshwari Nagar,2 BHK,GrrvaGr,1295,2.0,1.0,55.47
Super built-up  Area,Ready To Move,Mallasandra,2 BHK,GMilse ,1325,2.0,1.0,70.0
Built-up  Area,18-Dec,"Bellandur, ",4 BHK,,3160,4.0,3.0,206.0
Plot  Area,Ready To Move,Margondanahalli,2 Bedroom,,900,2.0,0.0,49.0
Super built-up  Area,Ready To Move,Kanakpura Road,2 BHK,PuandHi,1339,2.0,2.0,58.0
Built-up  Area,Ready To Move,HBR Layout,2 Bedroom,,1200,2.0,0.0,120.0
Super built-up  Area,Ready To Move,Sompura,3 BHK,Suiseit,1275,3.0,1.0,59.0
Plot  Area,Ready To Move,4th Block Jayanagar,7 Bedroom,,2240,4.0,1.0,700.0
Super built-up  Area,Ready To Move,Nagarbhavi,3 BHK,,1400,2.0,2.0,135.0
Super built-up  Area,18-Apr,Sanjay nagar,3 BHK,,1900,2.0,2.0,180.0
Super built-up  Area,Ready To Move,Uttarahalli,3 BHK,Evood S,1300,2.0,2.0,60.0
Super built-up  Area,Ready To Move,Kanakpura Road,3 BHK,,1450,3.0,3.0,53.6
Super built-up  Area,Ready To Move,Begur Road,2 BHK,,1200,2.0,2.0,37.8
Super built-up  Area,Ready To Move,LB Shastri Nagar,3 BHK,MCrds S,1400,2.0,2.0,80.0
Super built-up  Area,Ready To Move,Kammasandra,2 BHK,Sulya A,1057,2.0,1.0,35.0
Super built-up  Area,Ready To Move,Horamavu Banaswadi,2 BHK,Bhave E,1200,2.0,1.0,45.0
Built-up  Area,Ready To Move,Nagavara,2 BHK,,936,2.0,0.0,40.2
Super built-up  Area,19-Jun,Hosa Road,3 BHK,Sosisic,1512,3.0,2.0,103.0
Super built-up  Area,Ready To Move,Dommasandra,2 BHK,,1090,2.0,2.0,43.5
Super built-up  Area,Ready To Move,Akshaya Nagar,2 BHK,SagasSa,1388,2.0,3.0,57.0
Plot  Area,Ready To Move,Thyagaraja Nagar,4 Bedroom,,700,4.0,2.0,110.0
Plot  Area,Ready To Move,Hoskote,4 Bedroom,,1200,4.0,1.0,120.0
Built-up  Area,Ready To Move,Hebbal,4 BHK,RMudeat,3895,2.0,1.0,451.0
Super built-up  Area,Ready To Move,Ambalipura,2 BHK,,1250,2.0,2.0,66.25
Super built-up  Area,Ready To Move,Kanakpura Road,2 BHK,Wiowsri,950,2.0,1.0,40.0
Plot  Area,18-May,Kaggalipura,3 Bedroom,AxvamTa,2400,3.0,1.0,165.0
Super built-up  Area,19-Jun,Hebbal,3 BHK,Raard B,1320,3.0,3.0,226.0
Super built-up  Area,Ready To Move,Akshaya Nagar,3 BHK,Javasi ,1551,2.0,2.0,60.0
Built-up  Area,Ready To Move,Somasundara Palya,4 BHK,ManceEl,2400,3.0,3.0,140.0
Super built-up  Area,Ready To Move,Bommasandra,3 BHK,Niara S,1478,2.0,,44.0
Built-up  Area,Ready To Move,Bisuvanahalli,3 BHK,Prityel,1075,2.0,1.0,37.0
Super built-up  Area,18-Apr,Electronic City Phase II,3 BHK,Sryalan,1220,2.0,1.0,36.21
Super built-up  Area,Ready To Move,Raja Rajeshwari Nagar,2 BHK,GrrvaGr,1419,2.0,2.0,48.0
Super built-up  Area,Ready To Move,Nagavara,3 BHK,,1545,2.0,1.0,58.0
Plot  Area,Ready To Move,Begur Road,5 Bedroom,,1100,5.0,1.0,165.0
Built-up  Area,18-Mar,Moodalapalya,2 BHK,,1150,2.0,2.0,69.0
Super built-up  Area,Ready To Move,Marathahalli,3 BHK,,1310,3.0,1.0,63.25
Super built-up  Area,Ready To Move,Old Madras Road,4 BHK,Brica E,3630 - 3800,6.0,0.0,224.5
Built-up  Area,18-Aug,Bommasandra Industrial Area,3 BHK,,1310,2.0,1.0,37.83
Super built-up  Area,Ready To Move,Electronic City Phase II,3 BHK,Brods W,1252,2.0,1.0,65.0
Plot  Area,Ready To Move,Kothannur,4 Bedroom,,1600,4.0,2.0,45.0
Super built-up  Area,Ready To Move,Cambridge Layout,3 BHK,,2098,3.0,1.0,210.0
Super built-up  Area,Ready To Move,Whitefield,3 BHK,Priew P,1836,3.0,2.0,125.0
Super built-up  Area,18-Mar,Haralur Road,4 BHK,SNnia E,2805,5.0,3.0,160.0
Super built-up  Area,18-Mar,Haralur Road,1 BHK,SNnia E,575,1.0,1.0,88.0
Super built-up  Area,Ready To Move,Haralur Road,2 BHK,RInceeg,1140,2.0,2.0,43.0
Super built-up  Area,Ready To Move,Begur Road,2 BHK,,1160,2.0,2.0,40.59
Plot  Area,Ready To Move,Dodsworth Layout,3 Bedroom,Prleaou,4446,3.0,2.0,410.0
Plot  Area,Ready To Move,Versova Layout,4 Bedroom,,3700,4.0,2.0,400.0
Super built-up  Area,Ready To Move,3rd Phase Iti Layout,2 BHK,,1145,2.0,1.0,63.0
Plot  Area,Ready To Move,Chamrajpet,4 Bedroom,,1080,4.0,2.0,250.0
Super built-up  Area,18-Sep,Hosa Road,3 BHK,Mahesr ,1726,3.0,2.0,81.99
Super built-up  Area,Ready To Move,Tumkur Road,3 BHK,SosonGa,1500,3.0,3.0,95.0
Super built-up  Area,Ready To Move,Narayanapura,2 BHK,AriosHe,1308,2.0,2.0,89.04
Super built-up  Area,Ready To Move,Jakkur,3 BHK,Soral C,1622,2.0,0.0,80.0
Built-up  Area,Ready To Move,Banashankari Stage II,3 Bedroom,,3000,3.0,2.0,450.0
Built-up  Area,Ready To Move,Sarjapur  Road,3 BHK,Esatea ,1300,2.0,2.0,70.0
Super built-up  Area,19-Mar,Whitefield,3 BHK,Prtates,1655,3.0,2.0,113.0
Plot  Area,Ready To Move,kamanahalli main road,3 Bedroom,,857,3.0,2.0,95.0
Super built-up  Area,Ready To Move,Thanisandra,3 BHK,Rehtsna,1881,3.0,,95.0
Super built-up  Area,Ready To Move,CV Raman Nagar,2 BHK,AnncyRe,740,2.0,1.0,37.0
Super built-up  Area,Ready To Move,Balaji Gardens Layout,2 BHK,GSnts A,1051,2.0,1.0,33.0
Built-up  Area,Ready To Move,Shampura,4 BHK,,672,3.0,1.0,54.0
Plot  Area,Ready To Move,Ramagondanahalli,1 Bedroom,,540,1.0,0.0,30.0
Built-up  Area,Ready To Move,Uttarahalli,2 BHK,,1123,2.0,2.0,60.0
Built-up  Area,Ready To Move,Whitefield,3 BHK,Agtiaur,1806,3.0,3.0,85.0
Super built-up  Area,Ready To Move,AECS Layout,2 BHK,Srestve,1080,2.0,2.0,55.0
Super built-up  Area,Ready To Move,Kanakpura Road,3 BHK,SoapeSu,1419.59,2.0,1.0,65.0
Super built-up  Area,22-Jun,Hoodi,3 BHK,GoAirej,1660,3.0,2.0,131.0
Super built-up  Area,18-Jun,Ramagondanahalli,3 BHK,ViistLa,1635,3.0,1.0,61.0
Super built-up  Area,18-Aug,Iblur Village,3 BHK,DNionfl,1920,3.0,2.0,150.0
Super built-up  Area,Ready To Move,Kadubeesanahalli,3 BHK,PrpiaSr,1532,3.0,1.0,115.0
Super built-up  Area,Ready To Move,Electronic City,2 BHK,PaanaCh,1125,2.0,1.0,58.0
Super built-up  Area,Ready To Move,Electronic City,2 BHK,YCnce R,1110,2.0,1.0,39.95
Super built-up  Area,Ready To Move,Kasturi Nagar,3 BHK,GoratAr,1570,3.0,2.0,110.0
Built-up  Area,Ready To Move,Nelamangala,2 BHK,,1095,2.0,0.0,40.0
Super built-up  Area,Ready To Move,R.T. Nagar,4 BHK,,2800,4.0,,400.0
Carpet  Area,Ready To Move,BTM 2nd Stage,2 BHK,Jancyva,950,2.0,1.0,52.0
Super built-up  Area,Ready To Move,Uttarahalli,3 BHK,SLnssPr,1330,2.0,2.0,46.55
Built-up  Area,Ready To Move,Akash Nagar,2 BHK,,967,2.0,1.0,47.8
Plot  Area,Ready To Move,Nyanappana Halli,5 Bedroom,,1000,5.0,2.0,140.0
Super built-up  Area,Ready To Move,Akshaya Nagar,3 BHK,BMoldar,1700,3.0,1.0,80.0
Plot  Area,Ready To Move,Kundalahalli Colony,7 Bedroom,,1400,7.0,,218.0
Super built-up  Area,Ready To Move,Thanisandra,3 BHK,Pronyt ,1262,2.0,1.0,65.0
Super built-up  Area,Ready To Move,Thyagaraja Nagar,7 BHK,,3000,6.0,3.0,180.0
Super built-up  Area,Ready To Move,Kasavanhalli,2 BHK,HMonymp,1377,2.0,2.0,80.0
Plot  Area,Ready To Move,KR Garden,2 Bedroom,,1200,2.0,3.0,135.0
Built-up  Area,18-May,Nagavara,2 BHK,,2200,2.0,1.0,55.0
Super built-up  Area,19-Dec,Binny Pete,3 BHK,She 2rk,1795,3.0,2.0,139.0
Super built-up  Area,18-Jan,Kengeri Satellite Town,2 BHK,V6estde,1255 - 1350,2.0,0.0,44.285
Built-up  Area,Ready To Move,Panduranga Nagar,1 BHK,Jeshan ,500,1.0,0.0,20.0
Built-up  Area,Ready To Move,8th Phase JP Nagar,2 BHK,SVthaho,1006,2.0,0.0,44.0
Super built-up  Area,Ready To Move,Bannerghatta Road,3 BHK,SNity S,1460,2.0,2.0,80.0
Plot  Area,Ready To Move,Tippenahalli,2 Bedroom,,1200,2.0,0.0,55.0
Super built-up  Area,Ready To Move,Kasavanhalli,3 BHK,Salisal,1747,3.0,1.0,110.0
Super built-up  Area,Ready To Move,Thanisandra,3 BHK,Bhmesy ,2000,3.0,2.0,99.0
Super built-up  Area,17-Nov,Abbigere,3 BHK,AdhriPa,1260,2.0,1.0,45.0
Super built-up  Area,Ready To Move,Chandapura,3 BHK,Vailsaf,1208,3.0,1.0,45.0
Built-up  Area,Ready To Move,Dena Bank Colony,3 BHK,Aliewe ,1391,2.0,3.0,64.5
Super built-up  Area,18-Sep,Abbigere,3 BHK,DSestma,1326,2.0,1.0,34.8
Super built-up  Area,19-Oct,Panathur,2 BHK,Caiya D,1085,2.0,1.0,36.0
Super built-up  Area,19-Mar,Marathahalli,3 BHK,Unezes ,1305,2.0,1.0,69.0
Plot  Area,Ready To Move,HSR Layout,8 Bedroom,,800,8.0,,285.0
Built-up  Area,Ready To Move,Bhuvaneshwari Nagar,2 BHK,NaaveEn,1100,2.0,2.0,57.0
Super built-up  Area,Ready To Move,Abbigere,2 BHK,SLtias ,1020,2.0,1.0,40.8
Built-up  Area,Ready To Move,Kattigenahalli,7 Bedroom,,2800,7.0,2.0,125.0
Built-up  Area,Ready To Move,Hulimavu,1 BHK,,450,1.0,1.0,20.0
Super built-up  Area,Ready To Move,Nagavarapalya,2 BHK,PuonsSe,1392,2.0,1.0,130.0
Super built-up  Area,Ready To Move,Budigere,2 BHK,PrityTr,1139,2.0,2.0,62.0
Built-up  Area,Ready To Move,Whitefield,3 BHK,Mithmn ,1700,3.0,2.0,115.0
Super built-up  Area,21-Dec,Kanakpura Road,1 BHK,PrarePa,525,1.0,1.0,30.0
Built-up  Area,Ready To Move,Chikkabidarakallu,4 Bedroom,Gontyol,3309,4.0,3.0,325.0
Built-up  Area,Ready To Move,Devara Jeevanahalli,3 Bedroom,,1650,3.0,0.0,52.0
Super built-up  Area,Ready To Move,Marathahalli,3 BHK,,1910,3.0,3.0,119.0
Super built-up  Area,Ready To Move,Rachenahalli,2 BHK,,1050,2.0,2.0,52.07
Super built-up  Area,Ready To Move,Kathriguppe,3 BHK,,1400,2.0,2.0,77.0
Super built-up  Area,Ready To Move,Haralur Road,2 BHK,RInceeg,1200,2.0,2.0,46.0
Super built-up  Area,Ready To Move,Bannerghatta Road,3 BHK,,1893,3.0,2.0,100.0
Super built-up  Area,20-Nov,RR Layout,3 BHK,,1700,3.0,2.0,111.0
Built-up  Area,Ready To Move,Yelahanka,3 BHK,NCarkna,1620,3.0,2.0,90.0
Super built-up  Area,Ready To Move,Banashankari,3 BHK,Bregae ,1700,3.0,2.0,125.0
Super built-up  Area,Ready To Move,Dodda Nekkundi,3 BHK,,1804,3.0,2.0,121.0
Super built-up  Area,Ready To Move,Uttarahalli,2 BHK,,1284,2.0,2.0,53.36
Plot  Area,Ready To Move,CQAL LAYOUT C BLOCK,3 Bedroom,,1200,3.0,1.0,160.0
Plot  Area,19-Mar,Narasapura,2 Bedroom,,30Acres,2.0,2.0,29.5
Super built-up  Area,Ready To Move,Haralur Road,2 BHK,,1194,2.0,2.0,47.0
Super built-up  Area,Ready To Move,Gottigere,3 BHK,,1600,2.0,2.0,55.0
Built-up  Area,Ready To Move,Giri Nagar,2 BHK,Spanda ,650,2.0,0.0,42.0
Super built-up  Area,Ready To Move,Vinayaka Layout,5 BHK,V htsji,2700,4.0,,170.0
Super built-up  Area,19-Mar,Hebbal,4 BHK,Raard B,2790,5.0,3.0,198.0
Super built-up  Area,Ready To Move,Hulimavu,1 BHK,NiarkHy,688,1.0,2.0,50.0
Built-up  Area,Ready To Move,Hebbal,3 BHK,Brium C,3520,3.0,3.0,430.0
Super built-up  Area,Ready To Move,Vasanthapura,2 BHK,,995,2.0,1.0,34.82
Super built-up  Area,20-Jan,Badavala Nagar,2 BHK,DNncasa,1274,2.0,1.0,90.0
Super built-up  Area,18-Apr,Jayamahal Extension,3 BHK,,2500,3.0,,270.0
Built-up  Area,Ready To Move,Tala Cauvery Layout,2 BHK,Skarkev,1340,2.0,3.0,77.0
Built-up  Area,Ready To Move,Vishwapriya Layout,4 BHK,,600,3.0,2.0,73.0
Super built-up  Area,Ready To Move,Hosakerehalli,3 BHK,Taonte ,2480,3.0,1.0,330.0
Plot  Area,Ready To Move,Vijayanagar,4 Bedroom,,2100,6.0,1.0,252.0
Super built-up  Area,Ready To Move,Marathahalli,3 BHK,Asintas,1710,3.0,2.0,100.0
Super built-up  Area,Ready To Move,Electronic City,3 BHK,GMown E,1360,2.0,1.0,70.0
Super built-up  Area,Ready To Move,Kanakpura Road,2 BHK,,1080,2.0,1.0,37.8
Built-up  Area,Ready To Move,"Kanakapura Road, ",3 Bedroom,,1884,3.0,2.0,95.0
Built-up  Area,Ready To Move,Hennur,4 BHK,,2502,4.0,2.0,170.0
Super built-up  Area,Ready To Move,Jigani,3 BHK,DLhtsen,1221,3.0,3.0,52.0
Super built-up  Area,Ready To Move,Sarjapur  Road,3 BHK,Adeatlm,2180,4.0,3.0,180.0
Carpet  Area,20-Dec,Kanakpura Road,1 BHK,Roiti A,381 - 535,1.0,0.0,19.695
Super built-up  Area,19-Jul,Ramamurthy Nagar,2 BHK,Vaharvi,1200,2.0,1.0,57.9
Super built-up  Area,Ready To Move,Someshwara Layout,4 BHK,,1200,4.0,3.0,169.0
Built-up  Area,Ready To Move,Thigalarapalya,4 BHK,Prtanha,3362,5.0,2.0,249.0
Super built-up  Area,Ready To Move,Sarjapur  Road,4 BHK,Adeatlm,3335,4.0,3.0,290.0
Plot  Area,Ready To Move,Bagalur Main Road,4 Bedroom,,3600,4.0,,300.0
Super built-up  Area,18-Dec,Electronics City Phase 1,1 BHK,Shitt S,755,1.0,1.0,42.41
Super built-up  Area,Ready To Move,Attibele,2 BHK,DSvar S,1175,2.0,1.0,29.38
Plot  Area,Ready To Move,Double Road,3 Bedroom,,500,3.0,2.0,100.0
Super built-up  Area,Ready To Move,Ramagondanahalli,3 BHK,Srdor S,1680,2.0,,68.0
Super built-up  Area,Ready To Move, Sector 1 HSR Layout,1 BHK,,6000,1.0,1.0,276.0
Super built-up  Area,Ready To Move,Uttarahalli,3 BHK,Baveles,1788,3.0,2.0,98.34
Super built-up  Area,Ready To Move,Hennur Road,3 BHK,SaireSa,1904,3.0,2.0,129.0
Super built-up  Area,Ready To Move,Uttarahalli,2 BHK,,1213,2.0,2.0,48.0
Super built-up  Area,Ready To Move,Vittasandra,2 BHK,,1238,2.0,1.0,67.32
Super built-up  Area,Ready To Move,AECS Layout,3 BHK,DSutyng,1620,3.0,2.0,98.0
Plot  Area,Ready To Move,Kumara Park,4 Bedroom,,2700,6.0,,675.0
Super built-up  Area,18-May,Electronic City Phase II,3 BHK,Coomee ,1418,3.0,2.0,52.47
Super built-up  Area,Ready To Move,Somasundara Palya,2 BHK,ManceEl,1200,2.0,2.0,75.0
Super built-up  Area,Ready To Move,Sarjapur  Road,2 BHK,Soikaa ,1117,2.0,3.0,29.99
Super built-up  Area,Ready To Move,Kothanur,3 BHK,Somumys,1847,3.0,2.0,105.0
Built-up  Area,Ready To Move,Billekahalli,3 BHK,,1650,3.0,2.0,88.0
Super built-up  Area,Ready To Move,Raja Rajeshwari Nagar,3 BHK,PrrvaPl,1560,2.0,2.0,62.4
Built-up  Area,18-Dec,Bommasandra Industrial Area,3 BHK,,1220,2.0,1.0,35.23
Super built-up  Area,Ready To Move,Ananth Nagar,2 BHK,,908,2.0,1.0,26.0
Built-up  Area,Ready To Move,Kengeri,8 Bedroom,,3000,5.0,,130.0
Super built-up  Area,18-Feb,Yelahanka,1 BHK,Prensya,654,1.0,1.0,36.25
Super built-up  Area,Ready To Move,KR Puram,2 BHK,SLontel,1100,2.0,2.0,45.0
Super built-up  Area,Ready To Move,Seetharampalya,3 BHK,Mazler ,1350,3.0,2.0,68.0
Super built-up  Area,19-Dec,Bannerghatta,2 BHK,,1113,2.0,1.0,70.0
Super built-up  Area,18-Jun,8th Phase JP Nagar,2 BHK,Maian M,1046,2.0,1.0,48.0
Built-up  Area,Ready To Move,Vayunandana Layout,5 Bedroom,,2400,5.0,2.0,120.0
Super built-up  Area,Ready To Move,Raja Rajeshwari Nagar,2 BHK,GrrvaGr,1185,2.0,1.0,40.17
Super built-up  Area,Ready To Move,Haralur Road,3 BHK,,1817,3.0,2.0,110.0
Super built-up  Area,18-Apr,Balagere,2 BHK,,1028,2.0,1.0,31.86
Carpet  Area,18-May,Electronic City Phase II,3 BHK,MJtroty,993,2.0,2.0,50.0
Super built-up  Area,Ready To Move,Jigani,2 BHK,i1odsne,1020,2.0,1.0,40.0
Super built-up  Area,18-May,Electronic City Phase II,2 BHK,MJtroty,972,2.0,1.0,40.0
Super built-up  Area,Ready To Move,Yelenahalli,2 BHK,Jaers S,1159,2.0,1.0,60.0
Super built-up  Area,Ready To Move,Begur Road,2 BHK,SLtalry,1225,2.0,1.0,35.52
Built-up  Area,Ready To Move,Kodbisanhalli,2 BHK,Seityen,1012,2.0,2.0,59.0
Carpet  Area,19-Jan,Hennur Bande,2 BHK,,1200,2.0,3.0,70.0
Super built-up  Area,Ready To Move, Devarachikkanahalli,3 BHK,Shireru,1425,2.0,2.0,65.0
Built-up  Area,Ready To Move,Kadugodi,2 BHK,,1088,2.0,2.0,44.0
Super built-up  Area,Ready To Move,Yelahanka,1 BHK,Ardanru,628,1.0,1.0,24.0
Super built-up  Area,Ready To Move,Kanakpura Road,3 BHK,MGBay T,1610,2.0,2.0,55.0
Super built-up  Area,Ready To Move,JP Nagar,2 BHK,DSillto,1200,2.0,2.0,62.0
Super built-up  Area,Ready To Move,Kasavanhalli,2 BHK,HMonymp,1495,2.0,2.0,110.0
Plot  Area,Ready To Move,TC Palaya,4 Bedroom,,600,4.0,0.0,65.0
Built-up  Area,Ready To Move,Battarahalli,4 Bedroom,,2700,3.0,0.0,75.0
Super built-up  Area,Ready To Move,Bellandur,2 BHK,Krala D,1410,3.0,2.0,92.0
Super built-up  Area,Ready To Move,Kaval Byrasandra,2 BHK,,1200,2.0,1.0,49.5
Super built-up  Area,18-Dec,Sarjapur  Road,3 BHK,Klark L,1819,3.0,2.0,100.0
Super built-up  Area,Ready To Move,Jigani,3 BHK,DLhtsen,1230,3.0,3.0,54.0
Plot  Area,Ready To Move,Mahalakshmi Puram,4 Bedroom,,1500,5.0,3.0,233.0
Built-up  Area,Ready To Move,T Dasarahalli,3 Bedroom,,1200,3.0,1.0,90.0
Built-up  Area,Ready To Move,Upadhyaya Layout,2 BHK,,935,2.0,0.0,40.0
Super built-up  Area,22-Nov,Devanahalli,3 BHK,Sabixtt,1466,3.0,3.0,77.59
Plot  Area,Ready To Move,Goraguntepalya,4 Bedroom,,1200,4.0,1.0,150.0
Super built-up  Area,20-Dec,Whitefield,2 BHK,Oreldhi,750,2.0,1.0,52.7
Super built-up  Area,Ready To Move,Ashwath Nagar,3 BHK,SJcerpe,1625,3.0,2.0,95.0
Super built-up  Area,18-Dec,Haralur Road,3 BHK,NDiteio,1985,3.0,2.0,130.0
Super built-up  Area,Ready To Move,1st Block Koramangala,4 BHK,,3000,5.0,3.0,500.0
Super built-up  Area,Ready To Move,Neeladri Nagar,2 BHK,GeereEc,1363,2.0,2.0,68.0
Built-up  Area,Ready To Move,Kanaka Nagar,4 Bedroom,,1600,4.0,2.0,90.0
Plot  Area,Ready To Move,NRI Layout,4 Bedroom,,1200,4.0,0.0,95.0
Super built-up  Area,Ready To Move,Parappana Agrahara,2 BHK,Peide L,1194,2.0,2.0,46.0
Super built-up  Area,18-May,Devanahalli,2 BHK,Derdsig,1340,2.0,1.0,65.0
Super built-up  Area,Ready To Move,Kogilu,3 BHK,Leora E,2350,5.0,1.0,327.0
Plot  Area,Ready To Move,Thirumenahalli,5 Bedroom,,1200,4.0,2.0,115.0
Super built-up  Area,18-Mar,Electronic City,1 BHK,Sidin J,605,1.0,0.0,13.31
Carpet  Area,18-Dec,Bhoganhalli,2 BHK,Rosha I,1181.7,2.0,1.0,100.0
Super built-up  Area,Ready To Move,Begur Road,2 BHK,Dhalsh ,1215,2.0,2.0,43.13
Super built-up  Area,Ready To Move,Hebbal Kempapura,3 BHK,GonumPl,2900,4.0,,300.0
Super built-up  Area,Ready To Move,Malleshpalya,2 BHK,,1060,2.0,1.0,40.0
Super built-up  Area,Ready To Move,12th cross srinivas nagar banshankari 3rd stage,1 BHK,,1800,1.0,1.0,200.0
Super built-up  Area,Ready To Move,Kannamangala,2 BHK,VBownre,957,2.0,2.0,54.5
Super built-up  Area,Ready To Move,B Narayanapura,2 BHK,,1020,2.0,1.0,49.0
Built-up  Area,Ready To Move,Coconut Grove Layout,2 BHK,Naenti ,1007,2.0,2.0,43.0
Super built-up  Area,Ready To Move,Kambipura,2 BHK,Prrtht ,883,2.0,1.0,39.0
Super built-up  Area,Ready To Move,7th Phase JP Nagar,3 BHK,JDensar,1250,3.0,2.0,65.0
Super built-up  Area,18-Dec,Old Airport Road,4 BHK,Jaades ,2774,4.0,3.0,208.0
Super built-up  Area,Ready To Move,Green Glen Layout,3 BHK,Solia D,1776.42,3.0,2.0,105.0
Super built-up  Area,Ready To Move,Gubbalala,3 BHK,MauilTr,2000,3.0,3.0,125.0
Super built-up  Area,Ready To Move,Mico Layout,9 BHK,Amsomun,5000,9.0,3.0,210.0
Built-up  Area,Ready To Move,Devanahalli,2 BHK,Brrds O,1010,2.0,1.0,58.0
Super built-up  Area,Ready To Move,Kaggadasapura,3 BHK,Saconp ,1625,3.0,2.0,55.0
Super built-up  Area,18-Apr,Kammasandra,1 BHK,Prony S,610,1.0,1.0,18.5
Super built-up  Area,Ready To Move,Sarjapur  Road,4 BHK,Vaunei ,4111,4.0,1.0,310.0
Plot  Area,Ready To Move,4th T block Jayanagar,4 Bedroom,,2400,4.0,2.0,480.0
Built-up  Area,Ready To Move,Koramangala,4 Bedroom,,6000,4.0,0.0,625.0
Built-up  Area,Ready To Move,TC Palaya,2 Bedroom,,1100,2.0,0.0,65.0
Plot  Area,Ready To Move,Chikkathoguru,3 Bedroom,,675,3.0,2.0,75.0
Super built-up  Area,Ready To Move,Sultan Palaya,2 BHK,,1070,2.0,2.0,49.0
Plot  Area,Ready To Move,Konanakunte Cross,2 Bedroom,,3040,1.0,1.0,180.0
Super built-up  Area,Ready To Move,Kogilu,2 BHK,,1190,2.0,2.0,50.66
Super built-up  Area,Ready To Move,JP Nagar,3 BHK,,1690,3.0,2.0,112.0
Built-up  Area,Ready To Move,Kothannur,2 BHK,,1100,2.0,2.0,40.0
Super built-up  Area,Ready To Move,Raja Rajeshwari Nagar,2 BHK,GrrvaGr,1128,2.0,1.0,48.79
Super built-up  Area,Ready To Move,Kempegowda Nagar,3 BHK,Sonumy ,1793,3.0,2.0,98.0
Super built-up  Area,Ready To Move,Kammasandra,2 BHK,PaigeMa,1018,2.0,0.0,23.45
Super built-up  Area,18-Jun,Ramagondanahalli,2 BHK,ViistLa,1251,2.0,1.0,47.4
Super built-up  Area,Ready To Move,CV Raman Nagar,3 BHK,,1480,3.0,2.0,65.0
Built-up  Area,Ready To Move,Attibele,1 BHK,Jae 1hu,450,1.0,1.0,12.5
Super built-up  Area,Ready To Move,Sarjapur  Road,2 BHK,,1115,2.0,1.0,50.0
Super built-up  Area,Ready To Move,Nagappa Reddy Layout,3 BHK,Roarkan,1820,3.0,2.0,79.5
Super built-up  Area,Ready To Move,Kodichikkanahalli,3 BHK,DiamiSa,1560,2.0,2.0,65.0
Super built-up  Area,18-Apr,Panathur,2 BHK,Prcesvy,1193,2.0,1.0,86.0
Super built-up  Area,21-Dec,Talaghattapura,3 BHK,Sodgere,2099,3.0,3.0,147.0
Super built-up  Area,Ready To Move,Kothanur,2 BHK,,1070,2.0,1.0,45.5
Super built-up  Area,Ready To Move,Whitefield,2 BHK,Veales ,1250,2.0,2.0,85.0
Built-up  Area,Ready To Move,1st Block BEL Layout,4 Bedroom,,1800,5.0,1.0,250.0
Super built-up  Area,Ready To Move,Frazer Town,2 BHK,,1180,2.0,1.0,105.0
Built-up  Area,18-Jul,"Maragondana Halli, kr puram, old madras road",2 BHK,,1199,2.0,2.0,50.0
Plot  Area,Ready To Move,Hoodi,5 Bedroom,,2400,5.0,2.0,160.0
Plot  Area,Ready To Move,Chikkasandra,2 Bedroom,,600,1.0,1.0,52.0
Super built-up  Area,18-Jul,Whitefield,3 BHK,Prtates,1655,3.0,2.0,110.0
Super built-up  Area,Ready To Move,Raja Rajeshwari Nagar 5th Stage,2 BHK,Pridel ,1056,2.0,2.0,55.0
Super built-up  Area,19-Apr,Ambalipura,2 BHK,Sisice ,896,2.0,1.0,30.13
Built-up  Area,Ready To Move,1st Block HRBR Layout,3 BHK,,2300,3.0,,80.0
Super built-up  Area,Ready To Move,Vittasandra,2 BHK,Prlla C,1404,2.0,1.0,67.5
Super built-up  Area,18-Dec,Whitefield,2 BHK,Suhamra,1215,2.0,1.0,62.0
Super built-up  Area,Ready To Move,Hosa Road,4 BHK,Pamesy ,1708,3.0,0.0,64.05
Super built-up  Area,Ready To Move,HOSUR MAIN ROAD,2 BHK,,1464,2.0,2.0,56.0
Super built-up  Area,Ready To Move,Yelahanka,2 BHK,Rarthne,915,2.0,2.0,48.0
Super built-up  Area,18-Apr,Nanjappa Layout,2 BHK,,1232,2.0,1.0,94.28
Super built-up  Area,Ready To Move,Ejipura,2 BHK,Prsichi,1190,2.0,1.0,70.0
Super built-up  Area,Ready To Move,Subramanyapura,2 BHK,Mayne A,985,2.0,1.0,62.5
Super built-up  Area,Ready To Move,Addischetan Layout,3 BHK,Malyxer,1495,3.0,2.0,55.0
Super built-up  Area,18-May,Shanti Nagar,3 BHK,UbreeAn,1602,2.0,1.0,170.0
Super built-up  Area,Ready To Move,Tumkur Road,3 BHK,Sahtsva,1240,2.0,1.0,79.0
Super built-up  Area,Ready To Move,Vittasandra,2 BHK,Prlla C,1246,2.0,1.0,68.0
Built-up  Area,Ready To Move,HSR Layout,2 BHK,,1120,2.0,1.0,70.0
Plot  Area,Ready To Move,Vidya Nagar,2 Bedroom,,3760,2.0,0.0,280.0
Super built-up  Area,Ready To Move,Uttarahalli,2 BHK,,1100,1.0,2.0,45.0
Super built-up  Area,Ready To Move,Dasanapura,3 BHK,Tavenew,1286,3.0,2.0,61.44
Super built-up  Area,Ready To Move,Whitefield,2 BHK,Prarat ,1050,2.0,3.0,43.0
Built-up  Area,Ready To Move,Mahalakshmi Layout,2 BHK,,1080,2.0,1.0,67.0
Super built-up  Area,21-Dec,Kanakpura Road,2 BHK,PrarePa,700,2.0,1.0,36.0
Super built-up  Area,18-Mar,Kothanur,2 BHK,,1075,2.0,2.0,53.0
Super built-up  Area,Ready To Move,Green Glen Layout,3 BHK,,2000,3.0,,165.0
Plot  Area,Ready To Move,JP Nagar,4 Bedroom,,600,5.0,,110.0
Built-up  Area,Ready To Move,BSM Extension,2 BHK,Raave E,900,2.0,3.0,45.0
Super built-up  Area,Ready To Move,Bannerghatta Road,3 BHK,SNity S,1170,2.0,1.0,66.0
Super built-up  Area,Ready To Move,Coconut Grove Layout,3 BHK,Keleti ,1515,3.0,3.0,80.5
Built-up  Area,Ready To Move,Bisuvanahalli,3 BHK,Prityel,873,2.0,1.0,40.0
Super built-up  Area,Ready To Move,Bellandur,3 BHK,OriewLa,1830,3.0,3.0,91.86
Super built-up  Area,Ready To Move,Hulimavu,3 BHK,NiarkHy,1818,3.0,1.0,135.0
Built-up  Area,18-Feb,Kodichikkanahalli,5 BHK,,2700,7.0,2.0,125.0
Plot  Area,Ready To Move,Magadi Road,3 Bedroom,Anensva,1200,3.0,2.0,98.0
Plot  Area,Ready To Move,Kundalahalli,3 Bedroom,Roima A,1600,3.0,2.0,170.0
Super built-up  Area,Ready To Move,Hagadur,2 BHK,,1086,2.0,1.0,47.5
Built-up  Area,Ready To Move,Yelahanka,3 BHK,NCs 2rj,1350,2.0,3.0,85.0
Super built-up  Area,20-Sep,Whitefield,2 BHK,Goted U,1459,2.0,1.0,94.82
Super built-up  Area,Ready To Move,Banaswadi,2 BHK,,1340,2.0,2.0,73.0
Super built-up  Area,Ready To Move,Jakkur,2 BHK,Elidet ,1050,2.0,1.0,49.87
Super built-up  Area,Ready To Move,Green Glen Layout,4 BHK,,3250,4.0,,230.0
Plot  Area,18-Apr,Ramamurthy Nagar,2 Bedroom,,1200,2.0,1.0,78.0
Built-up  Area,15-Aug,Yelahanka,2 BHK,Velas V,1225,2.0,2.0,62.0
Super built-up  Area,Ready To Move,Electronic City Phase II,2 BHK,Brods W,1065,2.0,1.0,56.13
Built-up  Area,Ready To Move,Hennur Road,2 BHK,,1020,2.0,0.0,45.0
Plot  Area,Ready To Move,Kogilu,7 Bedroom,,2456,7.0,2.0,85.0
Super built-up  Area,Ready To Move,Electronics City Phase 1,1 BHK,Shiaa S,640,1.0,1.0,45.0
Super built-up  Area,Ready To Move,Kodigehaali,2 BHK,Shyas S,1200,2.0,2.0,60.0
Super built-up  Area,Ready To Move,Hosa Road,2 BHK,SSaleRo,1016,2.0,1.0,45.0
Built-up  Area,Ready To Move,Margondanahalli,2 Bedroom,,900,2.0,0.0,65.0
Super built-up  Area,Ready To Move,Sarjapur,1 BHK,SNityVe,650,1.0,2.0,19.87
Super built-up  Area,Ready To Move,Sarakki Nagar,3 BHK,Sowerew,2500,4.0,2.0,325.0
Super built-up  Area,18-May,Hennur Road,3 BHK,Puachal,1482,2.0,1.0,68.9
Super built-up  Area,Ready To Move,Neeladri Nagar,3 BHK,GeereEc,2556,3.0,2.0,133.0
Built-up  Area,18-Mar,Domlur,3 BHK,,2180,3.0,2.0,285.0
Plot  Area,18-May,Margondanahalli,3 Bedroom,,1625,3.0,0.0,80.0
Super built-up  Area,Ready To Move,Malleshwaram,3 BHK,Seardac,2400,3.0,2.0,380.0
Built-up  Area,Ready To Move,Gulakamale,2 BHK,SLenssh,1200,2.0,3.0,50.0
Plot  Area,Ready To Move,Sultan Palaya,6 Bedroom,,1800,8.0,1.0,175.0
Super built-up  Area,Ready To Move,Byagadadhenahalli,3 BHK,VBavaai,1130,3.0,1.0,38.0
Super built-up  Area,18-Jan,Electronic City,1 BHK,Prarkun,630,1.0,1.0,47.0
Plot  Area,Ready To Move,Sarjapur,4 Bedroom,Prldsum,3300,4.0,2.0,430.0
Plot  Area,Ready To Move,Kadugondanahalli,6 Bedroom,,727,6.0,2.0,66.0
Super built-up  Area,Ready To Move,Sarjapur  Road,2 BHK,,1390,2.0,2.0,62.0
Built-up  Area,Ready To Move,Lakshminarayana Pura,2 BHK,RothaVa,1169,2.0,2.0,75.0
Super built-up  Area,Ready To Move,Electronic City,2 BHK,Itelaa ,660,1.0,1.0,18.0
Super built-up  Area,Ready To Move,Budigere,2 BHK,PrityTr,1153,2.0,2.0,60.0
Plot  Area,Ready To Move,Kammasandra,3 Bedroom,Daden G,1400,3.0,2.0,92.0
Plot  Area,Ready To Move,Doddaballapur,3 Bedroom,,2440,3.0,1.0,142.0
Plot  Area,Ready To Move,Sector 2 HSR Layout,5 Bedroom,,1200,4.0,1.0,160.0
Super built-up  Area,Ready To Move,Yeshwanthpur,3 BHK,RNvasth,1852,3.0,2.0,160.0
Super built-up  Area,Ready To Move,Yelahanka,2 BHK,,1140,2.0,1.0,50.66
Super built-up  Area,Ready To Move,Domlur,3 BHK,Saiewas,2100,3.0,2.0,145.0
Super built-up  Area,18-Oct,Electronic City Phase II,2 BHK,SRhtsa ,888 - 1290,2.0,0.0,32.67
Super built-up  Area,Ready To Move,Dasanapura,2 BHK,Tavenew,545,2.0,1.0,22.34
Super built-up  Area,Ready To Move,Carmelaram,3 BHK,DSensn ,2515,4.0,3.0,155.0
Super built-up  Area,Ready To Move,Balaji Gardens Layout,1 BHK,,825,2.0,1.0,40.0
Built-up  Area,Ready To Move,KR Puram,2 BHK,,734,2.0,1.0,22.0
Super built-up  Area,Ready To Move,Thigalarapalya,2 BHK,Prtanha,1418,2.0,2.0,105.0
Built-up  Area,Ready To Move,7th Phase JP Nagar,4 Bedroom,RBRWAyo,3600,3.0,2.0,410.0
Built-up  Area,Ready To Move,KR Puram,4 Bedroom,,1200,4.0,0.0,83.0
Built-up  Area,Ready To Move,Hessarghatta,2 BHK,,700,2.0,0.0,27.0
Super built-up  Area,Ready To Move,Rachenahalli,3 BHK,NRniad ,2710,3.0,2.0,170.0
Super built-up  Area,Ready To Move,Nagarbhavi,2 BHK,,1020,2.0,2.0,55.0
Plot  Area,18-Apr,SBM Colony,10 Bedroom,,1660,10.0,,475.0
Built-up  Area,Ready To Move,Ramamurthy Nagar,3 BHK,SamesHo,1300,2.0,2.0,52.0
Super built-up  Area,Ready To Move,Sarjapur  Road,3 BHK,Arldsyo,1403,3.0,1.0,55.0
Super built-up  Area,Ready To Move,Nagondanahalli,3 BHK,DSldsen,1641,3.0,2.0,66.0
Plot  Area,Ready To Move,2nd Stage Nagarbhavi,4 Bedroom,,1500,3.0,2.0,230.0
Super built-up  Area,Ready To Move,Haralur Road,2 BHK,Ozensve,1000,2.0,1.0,78.0
Super built-up  Area,18-Sep,Chandapura,1 BHK,SunceEs,645,1.0,1.0,16.45
Super built-up  Area,18-Sep,Chandapura,3 BHK,SunceEs,1230,2.0,2.0,31.37
Super built-up  Area,Ready To Move,Electronic City,3 BHK,Goty  E,1575,3.0,1.0,94.5
Super built-up  Area,Ready To Move,Singasandra,3 BHK,,1510,3.0,2.0,75.0
Super built-up  Area,Ready To Move,Uttarahalli,3 BHK,Ayaya A,1270,2.0,2.0,55.25
Super built-up  Area,Ready To Move,Kodigehaali,2 BHK,,1200,2.0,1.0,55.0
Super built-up  Area,Ready To Move,Panathur,3 BHK,Saite G,1370,2.0,2.0,75.0
Super built-up  Area,Ready To Move,Malleshwaram,2 BHK,,1400,2.0,1.0,190.0
Super built-up  Area,Ready To Move,Vasantapura main road,2 BHK,,1037,2.0,1.0,36.28
Super built-up  Area,Ready To Move,Dairy Circle,4 BHK,Soeurri,3754,6.0,2.0,430.0
Super built-up  Area,Ready To Move,Garudachar Palya,2 BHK,,1060,2.0,1.0,48.7
Super built-up  Area,Ready To Move,Basavangudi,3 BHK,,2350,3.0,3.0,300.0
Super built-up  Area,18-May,Jalahalli,3 BHK,Shard T,1400,3.0,0.0,77.0
Built-up  Area,Ready To Move,Indira Nagar,1 BHK,GoilsDa,850,1.0,2.0,60.0
Super built-up  Area,Ready To Move,Electronic City,2 BHK,Prarkun,1108,2.0,1.0,63.0
Super built-up  Area,Ready To Move,Yelenahalli,2 BHK,Nisisn ,1090,2.0,1.0,54.0
Super built-up  Area,18-Jun,Whitefield,2 BHK,SSdhimr,1235,2.0,2.0,47.0
Super built-up  Area,Ready To Move,Electronic City,2 BHK,KBityo ,825,2.0,1.0,35.0
Super built-up  Area,Ready To Move,Hebbal,2 BHK,Srntsha,1200,2.0,1.0,60.0
Plot  Area,Ready To Move,Yelahanka,5 Bedroom,,1200,5.0,,162.0
Super built-up  Area,Ready To Move,Yelahanka,2 BHK,Pyikad ,1036,2.0,3.0,39.35
Built-up  Area,Ready To Move,Electronic City,3 BHK,GMown E,1500,2.0,1.0,63.0
Plot  Area,Ready To Move,Dodda Nekkundi,4 Bedroom,Adstah ,3400,4.0,3.0,530.0
Super built-up  Area,18-Apr,Bhoganhalli,3 BHK,Rosha I,1718,3.0,2.0,90.2
Plot  Area,Ready To Move,Virat Nagar,2 Bedroom,,2080,2.0,1.0,150.0
Super built-up  Area,Ready To Move,Harlur,2 BHK,Prncyrn,1290,2.0,1.0,87.0
Built-up  Area,Ready To Move,Vidyaranyapura,2 BHK,DSestil,1050,2.0,1.0,50.0
Built-up  Area,18-Dec,Electronic City,2 BHK,,1020,2.0,1.0,29.45
Super built-up  Area,Ready To Move,Belathur,2 BHK,,460,1.0,0.0,15.0
Super built-up  Area,Ready To Move,Sarjapura - Attibele Road,2 BHK,Soe 2as,1073,2.0,2.0,31.77
Super built-up  Area,Ready To Move,Ngef Layout,3 BHK,,1415,3.0,3.0,78.0
Super built-up  Area,Ready To Move,Bannerghatta Road,3 BHK,SNity S,1460,2.0,1.0,90.0
Super built-up  Area,19-Aug,Shankarapuram,4 BHK,,3060,4.0,2.0,350.0
Built-up  Area,Ready To Move,Dodda Nekkundi,2 BHK,GSodsee,1145,2.0,1.0,46.5
Super built-up  Area,Ready To Move,Bisuvanahalli,3 BHK,Prityel,1180,2.0,1.0,46.0
Super built-up  Area,Ready To Move,Banashankari,3 BHK,,1683,3.0,2.0,115.0
Super built-up  Area,18-Dec,Sonnenahalli,2 BHK,Skacak ,1011,2.0,1.0,50.53
Plot  Area,18-Feb,Nelamangala,3 Bedroom,V2gesre,1200,3.0,2.0,72.0
Super built-up  Area,Ready To Move,Hebbal Kempapura,3 BHK,Goateds,1700,3.0,2.0,155.0
Super built-up  Area,21-May,Kanakpura Road,3 BHK,GolusLi,1938,3.0,3.0,92.69
Super built-up  Area,Ready To Move,Sunder Ram Shetty Nagar,3 BHK,MaisePa,1560,3.0,3.0,115.0
Super built-up  Area,Ready To Move,Raja Rajeshwari Nagar,2 BHK,GrrvaGr,1120,2.0,2.0,37.97
Super built-up  Area,Ready To Move,Green Glen Layout,3 BHK,Soinequ,1517,3.0,3.0,100.0
Super built-up  Area,Ready To Move,Kaggalipura,2 BHK,Baowsig,950,2.0,1.0,65.0
Super built-up  Area,Ready To Move,Dairy Circle,4 BHK,Soeurri,3754,6.0,2.0,480.0
Super built-up  Area,Ready To Move,1st Phase JP Nagar,2 BHK,,900,2.0,1.0,75.0
Super built-up  Area,Ready To Move,Ambedkar Colony,2 BHK,RMcesa ,1468,3.0,2.0,130.0
Super built-up  Area,Ready To Move,Marathahalli,2 BHK,Xeitaa ,1270,2.0,3.0,73.0
Super built-up  Area,Ready To Move,Kanakpura Road,3 BHK,SPthara,1320,2.0,1.0,39.6
Super built-up  Area,16-Dec,Hegde Nagar,3 BHK,Soiniy ,1703,3.0,2.0,130.0
Super built-up  Area,18-Dec,Ramamurthy Nagar,3 BHK,Vaharvi,1410,2.0,1.0,56.4
Plot  Area,18-May,Varthur,4 Bedroom,Darsh S,1600,4.0,3.0,112.0
Plot  Area,Ready To Move,Victoria Layout,5 Bedroom,,2400,5.0,1.0,625.0
Super built-up  Area,21-May,Kanakpura Road,2 BHK,GolusLi,1017,2.0,1.0,51.25
Super built-up  Area,Ready To Move,P&T Layout,2 BHK,Sashaa ,935,2.0,1.0,45.9
Super built-up  Area,Ready To Move,Ramakrishnappa Layout,5 BHK,PeBayle,6200,5.0,,720.0
Built-up  Area,Ready To Move,Dodda Nekkundi Extension,3 BHK,AlEcone,1864,3.0,2.0,120.0
Built-up  Area,Ready To Move,Nehru Nagar,3 BHK,Undge T,1374,3.0,2.0,72.0
Super built-up  Area,Ready To Move,NGR Layout,2 BHK,BSian M,1020,2.0,1.0,46.0
Super built-up  Area,Ready To Move,Abbigere,2 BHK,SLtias ,985,2.0,1.0,40.39
Super built-up  Area,20-Jan,Balagere,1 BHK,Soresea,645,1.0,1.0,55.0
Built-up  Area,Ready To Move,Sahakara Nagar,2 BHK,VincyRe,1200,2.0,0.0,46.0
Super built-up  Area,19-Dec,Balagere,2 BHK,Soresea,1012,2.0,1.0,54.59
Super built-up  Area,Ready To Move,Yelahanka New Town,1 BHK,KHatsFl,500,1.0,1.0,18.0
Built-up  Area,Ready To Move,Kengeri,4 Bedroom,Unuil T,2540,4.0,0.0,160.0
Super built-up  Area,Ready To Move,Thanisandra,2 BHK,Inntss ,1343,2.0,2.0,75.0
Built-up  Area,Ready To Move,5th Block Hbr Layout,5 Bedroom,,3600,5.0,3.0,130.0
Super built-up  Area,Ready To Move,7th Phase JP Nagar,2 BHK,BriumMi,1175,2.0,2.0,82.5
Super built-up  Area,Ready To Move,Marathahalli,4 BHK,PueraRi,4000,4.0,3.0,220.0
Plot  Area,Ready To Move,Hennur Road,3 Bedroom,LGapeon,2651,2.0,2.0,225.0
Super built-up  Area,Ready To Move,Hegde Nagar,3 BHK,Soiniy ,1703,3.0,2.0,113.0
Super built-up  Area,Ready To Move,Akshaya Nagar,3 BHK,DLhtsnd,1690,3.0,2.0,85.0
Plot  Area,Ready To Move,Banashankari Stage III,4 Bedroom,,2400,4.0,1.0,240.0
Plot  Area,Ready To Move,HAL 2nd Stage,8 Bedroom,,1000,7.0,3.0,260.0
Super built-up  Area,Ready To Move,Hennur Road,2 BHK,GSideS ,1065,2.0,1.0,42.6
Super built-up  Area,Ready To Move,Vijaya Bank Layout,3 BHK,,2400,2.0,1.0,150.0
Built-up  Area,Ready To Move,Uttarahalli,2 BHK,SivelMa,980,2.0,1.0,45.0
Plot  Area,Ready To Move,7th Block Jayanagar,4 Bedroom,,2400,3.0,2.0,480.0
Super built-up  Area,Ready To Move,Sarjapur  Road,3 BHK,,1220,3.0,2.0,58.0
Super built-up  Area,Ready To Move,Kothanur,3 BHK,Bisic C,1577,3.0,1.0,70.0
Plot  Area,Ready To Move,Medahalli,6 Bedroom,,1166,6.0,,135.0
Built-up  Area,Ready To Move,Ardendale,4 BHK,AWharde,3198,4.0,3.0,200.0
Super built-up  Area,Ready To Move,Keshava Nagar,3 BHK,ETens G,1904,3.0,3.0,155.0
Plot  Area,Ready To Move,Whitefield,4 Bedroom,Pronege,4800,5.0,2.0,550.0
Super built-up  Area,Ready To Move,Hebbal,2 BHK,,1100,2.0,2.0,47.0
Built-up  Area,Ready To Move,Medahalli,1 Bedroom,,700,1.0,0.0,41.0
Super built-up  Area,18-May,Choodasandra,2 BHK,Emhtsl ,1197,2.0,1.0,63.0
Super built-up  Area,18-Jun,Padmanabhanagar,4 BHK,SollyCl,4689,4.0,1.0,488.0
Super built-up  Area,Ready To Move,Battarahalli,2 BHK,SraveHi,1097,2.0,1.0,49.0
Super built-up  Area,18-Jan,Sarjapur  Road,1 BHK,SJityaz,702,1.0,1.0,52.0
Built-up  Area,Ready To Move,Billekahalli,2 BHK,Chuti S,1035,2.0,2.0,90.0
Super built-up  Area,18-Dec,Electronics City Phase 1,2 BHK,Shitt S,1175,2.0,2.0,64.98
Plot  Area,Ready To Move,Laggere,3 Bedroom,,1200,3.0,1.0,130.0
Built-up  Area,Ready To Move,Doddakammanahalli,3 BHK,,1542,3.0,2.0,98.0
Super built-up  Area,Ready To Move,Ullal Uppanagar,6 BHK,,2400,5.0,2.0,75.0
Super built-up  Area,Ready To Move,Ambedkar Nagar,3 BHK,,1920,4.0,2.0,121.0
Built-up  Area,Ready To Move,Kanakpura Road,2 BHK,Wiowsri,950,2.0,1.0,57.0
Super built-up  Area,Ready To Move,Whitefield,2 BHK,BMttaor,1280,2.0,2.0,52.0
Plot  Area,Ready To Move,Vidyaranyapura,4 Bedroom,,900,4.0,3.0,175.0
Super built-up  Area,18-Oct,Chennammana Kere,3 BHK,,1480,3.0,1.0,75.48
Plot  Area,Ready To Move,Thurahalli,4 Bedroom,,600,3.0,2.0,65.0
Super built-up  Area,Ready To Move,Vijaya Bank Layout,3 BHK,,1200,2.0,1.0,68.0
Super built-up  Area,Ready To Move,BTM Layout,3 BHK,PancyPr,1600,3.0,2.0,112.0
Super built-up  Area,Ready To Move,Whitefield,3 BHK,BainePr,1545,3.0,2.0,79.0
Super built-up  Area,Ready To Move,Raja Rajeshwari Nagar,3 BHK,,1500,3.0,2.0,88.0
Plot  Area,Ready To Move,Palanahalli,4 Bedroom,RMaanSa,4300,5.0,2.0,550.0
Super built-up  Area,18-Mar,Bhoganhalli,4 BHK,Rosha I,1974 - 2171,,,111.0
Super built-up  Area,18-May,Old Airport Road,2 BHK,Jaades ,1655,2.0,1.0,97.65
Super built-up  Area,Ready To Move,Harlur,2 BHK,Shodsir,1200 - 1470,2.0,0.0,72.76
Plot  Area,Ready To Move,Kogilu,7 Bedroom,,925,7.0,3.0,88.0
Super built-up  Area,19-Aug,Kengeri,1 BHK,VBn 2lm,416,1.0,1.0,19.5
Super built-up  Area,Ready To Move,Electronic City,2 BHK,GMown E,1070,2.0,1.0,56.1
Built-up  Area,Ready To Move,Channasandra,3 BHK,,1800,3.0,2.0,60.0
Plot  Area,Ready To Move,R.T. Nagar,6 Bedroom,,1500,6.0,,240.0
Super built-up  Area,Ready To Move,Tumkur Road,2 BHK,Mairer ,1035,2.0,1.0,39.0
Built-up  Area,Ready To Move,Hongasandra,2 BHK,,1065,2.0,1.0,45.0
Plot  Area,Ready To Move,Venkateswara Nagar,1 Bedroom,,600,1.0,0.0,20.0
Super built-up  Area,Ready To Move,Kundalahalli,3 BHK,,1800,3.0,3.0,80.0
Super built-up  Area,Ready To Move,Gollarapalya Hosahalli,2 BHK,Mauner ,996,2.0,2.0,49.0
Carpet  Area,Ready To Move,Kaggadasapura,2 BHK,Chisea ,775,2.0,2.0,29.5
Super built-up  Area,Ready To Move,Indira Nagar,2 BHK,Suurtni,1475,2.0,2.0,171.0
Built-up  Area,Ready To Move,KR Puram,1 BHK,,700,1.0,1.0,21.5
Built-up  Area,Ready To Move,Poorna Pragna Layout,3 Bedroom,,1400,2.0,1.0,240.0
Super built-up  Area,18-May,CV Raman Nagar,3 BHK,Pu270a ,1659,3.0,1.0,135.0
Plot  Area,18-Jul,Whitefield,3 Bedroom,,1200,3.0,1.0,56.0
Super built-up  Area,Ready To Move,Raja Rajeshwari Nagar,2 BHK,GrrvaGr,1196,2.0,2.0,40.44
Super built-up  Area,21-Sep,Kanakpura Road,2 BHK,PrarePa,900,2.0,1.0,42.0
Super built-up  Area,Ready To Move,Electronic City,3 BHK,Palleon,1350,3.0,2.0,66.0
Super built-up  Area,18-Sep,Sarjapur  Road,2 BHK,PualeSk,1346,2.0,1.0,61.92
Super built-up  Area,Ready To Move,Horamavu Banaswadi,2 BHK,,1156,2.0,2.0,46.0
Super built-up  Area,Ready To Move,Pai Layout,3 BHK,Saent A,1550,2.0,2.0,90.0
Super built-up  Area,19-Apr,Yelahanka,2 BHK,LedorSa,1330,2.0,1.0,93.65
Super built-up  Area,Ready To Move,Kalena Agrahara,2 BHK,MancyRe,1180,2.0,2.0,85.0
Super built-up  Area,Ready To Move,Ganga Nagar,2 BHK,AlourAr,1250,2.0,2.0,65.0
Super built-up  Area,18-Dec,Whitefield,1 BHK,Goted U,613,1.0,1.0,48.0
Plot  Area,Ready To Move,"Gubbi Cross, Hennur Main Road",4 Bedroom,,3600,4.0,2.0,300.0
Super built-up  Area,Ready To Move,Chikbasavanapura,2 BHK,SatonLi,1220,2.0,2.0,60.0
Super built-up  Area,Ready To Move,Channasandra,2 BHK,Unm 2El,1030,2.0,1.0,34.5
Super built-up  Area,Ready To Move,BTM 2nd Stage,3 BHK,Saarlth,2500,3.0,2.0,345.0
Super built-up  Area,Ready To Move,Doddakallasandra,2 BHK,,1072,2.0,1.0,42.87
Super built-up  Area,22-Dec,Bannerghatta Road,3 BHK,PrarePa,1365,3.0,1.0,76.18
Super built-up  Area,Ready To Move,9th Phase JP Nagar,3 BHK,JSyane ,1571,3.0,2.0,65.0
Super built-up  Area,Ready To Move,Bellandur,3 BHK,,1605,3.0,2.0,85.0
Built-up  Area,Ready To Move,Bommasandra,2 BHK,RKhipwn,1000,2.0,1.0,35.0
Super built-up  Area,Ready To Move,7th Phase JP Nagar,3 BHK,,1300,2.0,2.0,52.0
Super built-up  Area,Ready To Move,Uttarahalli,3 BHK,Baveles,1685,3.0,2.0,85.0
Built-up  Area,Ready To Move,Rajasree Layout,3 BHK,Itbhaa ,1310,3.0,3.0,90.0
Built-up  Area,18-Dec,Electronic City Phase II,2 BHK,Sryalan,1160,2.0,1.0,33.51
Super built-up  Area,19-Dec,Hebbal,3 BHK,Raard B,1645,3.0,2.0,113.0
Super built-up  Area,18-Apr,Banashankari,3 BHK,Bregae ,1770,3.0,3.0,108.0
Super built-up  Area,Ready To Move,Lakshminarayana Pura,2 BHK,RothaVa,1200,2.0,2.0,80.0
Super built-up  Area,Ready To Move,Amruthahalli,3 BHK,Prentra,1450,2.0,1.0,85.0
Super built-up  Area,19-Dec,JP Nagar,3 BHK,Shestut,1750,3.0,1.0,123.0
Built-up  Area,17-Sep,Kannamangala,2 BHK,VBownre,957,2.0,2.0,56.0
Plot  Area,Ready To Move,Lingarajapuram,6 Bedroom,,600,7.0,2.0,63.0
Super built-up  Area,Ready To Move,Electronic City,3 BHK,GMown E,1350,2.0,1.0,56.0
Super built-up  Area,18-Aug,Electronic City Phase II,2 BHK,Sryalan,1000,2.0,1.0,28.88
Super built-up  Area,18-Jul,Bhoganhalli,4 BHK,Rosha I,2119,4.0,3.0,111.0
Super built-up  Area,Ready To Move,Kaggadasapura,2 BHK,,1180,1.0,0.0,50.0
Plot  Area,Ready To Move,Kudlu Gate,9 Bedroom,,1150,9.0,,140.0
Super built-up  Area,20-Dec,Banashankari Stage VI,2 BHK,Brens7 ,1160 - 1195,2.0,0.0,59.935
Plot  Area,Ready To Move,Kengeri Satellite Town,3 Bedroom,,600,4.0,3.0,72.0
Plot  Area,Ready To Move,Defence Colony,6 Bedroom,,8000,6.0,3.0,2800.0
Super built-up  Area,18-Aug,6th Phase JP Nagar,3 BHK,,1250,3.0,3.0,48.9
Super built-up  Area,21-Jun,Vijayanagar,3 BHK,Saityat,1749,3.0,1.0,117.0
Super built-up  Area,18-May,Basavanapura,2 BHK,,1095,2.0,2.0,38.52
Super built-up  Area,21-Feb,Kanakpura Road,3 BHK,,2265,3.0,2.0,136.0
Built-up  Area,18-May,Varanasi,2 BHK,Ocuil T,1334,2.0,1.0,62.0
Plot  Area,Ready To Move,Annaiah Reddy Layout,1 Bedroom,,540,1.0,0.0,22.0
Super built-up  Area,Ready To Move,Sarjapur  Road,3 BHK,Shthi S,1525,2.0,2.0,65.0
Plot  Area,Ready To Move,Frazer Town,5 Bedroom,,2350,2.0,0.0,423.0
Super built-up  Area,Ready To Move,EPIP Zone,3 BHK,Ste 2al,1734,3.0,3.0,125.0
Built-up  Area,Ready To Move,EPIP Zone,2 BHK,Loe 1st,1810,2.0,2.0,65.0
Super built-up  Area,19-Jul,Ramamurthy Nagar,2 BHK,Vaharvi,1050,2.0,1.0,51.66
Plot  Area,Ready To Move,Chelekare,1 Bedroom,,600,1.0,1.0,60.0
Super built-up  Area,Ready To Move,Thanisandra,2 BHK,SLaceda,1100,2.0,1.0,38.0
Super built-up  Area,Ready To Move,Whitefield,2 BHK,SSthamh,1180,2.0,2.0,41.0
Built-up  Area,Ready To Move,Arekere,1 BHK,,600,1.0,1.0,28.0
Super built-up  Area,Ready To Move,Hebbal,3 BHK,MVkleiw,1860,3.0,2.0,95.0
Super built-up  Area,Ready To Move,Gunjur,3 BHK,MyhtsHe,1588,2.0,3.0,90.0
Super built-up  Area,Ready To Move,Hadosiddapura,2 BHK,,1090,2.0,2.0,55.0
Built-up  Area,Ready To Move,Ramamurthy Nagar,2 BHK,,950,2.0,1.0,50.79
Super built-up  Area,Ready To Move,Bellandur,2 BHK,GoncyRe,1325,2.0,2.0,65.0
Plot  Area,Ready To Move,2nd Stage Arekere Mico Layout,4 Bedroom,,1200,4.0,1.0,235.0
Built-up  Area,Ready To Move,Ashwathnagar,2 BHK,,1100,2.0,2.0,55.0
Super built-up  Area,Ready To Move,DUO Layout,3 BHK,Viockit,1643,3.0,2.0,75.0
Plot  Area,Ready To Move,Hegde Nagar,2 Bedroom,,1000,2.0,0.0,66.0
Super built-up  Area,18-Apr,Bannerghatta,3 BHK,,1618,3.0,1.0,68.0
Built-up  Area,Ready To Move,TC Palaya,3 Bedroom,,1350,3.0,1.0,60.0
Super built-up  Area,Ready To Move,Vasanth nagar,3 BHK,Siace P,1560,3.0,1.0,188.0
Super built-up  Area,Ready To Move,Whitefield,2 BHK,Savarar,1024,2.0,1.0,32.0
Super built-up  Area,21-Dec,HRBR Layout,2 BHK,,1301,2.0,1.0,120.0
Super built-up  Area,Ready To Move,Whitefield,2 BHK,Bhentne,1100,2.0,1.0,46.5
Plot  Area,18-Mar,Kothanur,8 Bedroom,,1050,5.0,0.0,80.0
Super built-up  Area,Ready To Move,JP Nagar,1 BHK,Brine J,750,1.0,1.0,52.5
Plot  Area,Ready To Move,Hennur Road,2 Bedroom,,276,3.0,3.0,23.0
Super built-up  Area,Ready To Move,Sarjapur  Road,3 BHK,Srisei ,1428,2.0,2.0,66.0
Super built-up  Area,Ready To Move,KR Puram,2 BHK,Apntsal,1150,2.0,1.0,42.0
Plot  Area,Ready To Move,Mallasandra,2 Bedroom,,1200,2.0,0.0,130.0
Super built-up  Area,17-Aug,Babusapalaya,2 BHK,ARngsd ,1061,2.0,1.0,38.95
Super built-up  Area,Ready To Move,Yelahanka,4 BHK,,3175,4.0,1.0,156.0
Super built-up  Area,Ready To Move,Kada Agrahara,2 BHK,,935,2.0,2.0,35.0
Super built-up  Area,Ready To Move,Munivenkatppa Layout,4 BHK,SNiew L,3700,4.0,2.0,314.0
Super built-up  Area,Ready To Move,Kundalahalli,2 BHK,Dieldli,1047,2.0,2.0,91.0
Plot  Area,Immediate Possession,Hosur Road,,AVeldun,1350,,,8.44
Plot  Area,Ready To Move,Whitefield,4 Bedroom,StodsWa,4500,4.0,,330.0
Super built-up  Area,Ready To Move,Naidu Layout,3 BHK,,1350,3.0,2.0,81.0
Super built-up  Area,19-Mar,Hennur Road,2 BHK,Puachal,1232,2.0,1.0,69.61
Built-up  Area,Ready To Move,Lakshminarayana Pura,3 BHK,RothaVa,1720,3.0,3.0,150.0
Built-up  Area,Ready To Move,RMV 2nd Stage,3 BHK,,2550,4.0,2.0,290.0
Super built-up  Area,18-May,Electronic City Phase II,4 BHK,SNbay G,2150 - 2225,4.0,0.0,105.0
Super built-up  Area,18-Dec,Whitefield,2 BHK,BSlasin,1085,2.0,1.0,57.0
Super built-up  Area,Ready To Move,Sree Narayana Nagar,3 BHK,Sholaya,1358,3.0,3.0,50.0
Super built-up  Area,Ready To Move,Hebbal,2 BHK,Prersis,1294,2.0,1.0,115.0
Super built-up  Area,Ready To Move,Panduranga Nagar,3 BHK,SApusnu,1827,3.0,3.0,100.0
Super built-up  Area,Ready To Move,Williams Town,3 BHK,,1500,2.0,2.0,98.0
Super built-up  Area,Ready To Move,Brookefield,2 BHK,Stlomg ,1389,2.0,2.0,94.0
Super built-up  Area,Ready To Move,Yelahanka,2 BHK,Prdomt ,1000,2.0,1.0,29.0
Super built-up  Area,21-Dec,Kanakpura Road,2 BHK,PrarePa,700,2.0,1.0,35.0
Carpet  Area,Ready To Move,Doddakannelli,3 BHK,,780,3.0,,75.0
Super built-up  Area,21-Dec,Bagalur Main Road,2 BHK,,950,2.0,2.0,50.0
Super built-up  Area,Ready To Move,Marathahalli,2 BHK,,1215,2.0,2.0,58.86
Super built-up  Area,Ready To Move,Sarjapur  Road,2 BHK,Jauraht,1230,2.0,3.0,94.5
Super built-up  Area,18-Apr,Electronic City,2 BHK,Prarkun,1355,2.0,1.0,97.6
Super built-up  Area,Ready To Move,Uttarahalli,3 BHK,Aklia R,1330,2.0,1.0,58.0
Super built-up  Area,19-Apr,Mysore Road,3 BHK,Brama P,1710,4.0,2.0,91.31
Super built-up  Area,Ready To Move,Keerthi Layout,2 BHK,NianaKe,780,2.0,2.0,25.0
Super built-up  Area,Ready To Move,7th Phase JP Nagar,3 BHK,,2095,3.0,2.0,150.0
Built-up  Area,18-Mar,Bettahalsoor,5 Bedroom,Toainnt,3210,,,353.0
Super built-up  Area,Ready To Move,Electronic City,2 BHK,Itelaa ,660,1.0,1.0,15.5
Super built-up  Area,Ready To Move,Amruthahalli,3 BHK,,1350,2.0,3.0,63.0
Super built-up  Area,Ready To Move,Yeshwanthpur,2 BHK,VSlistr,704 - 730,2.0,0.0,49.475
Super built-up  Area,Ready To Move,Marathahalli,3 BHK,Aiitya ,1575,3.0,,78.0
Super built-up  Area,Ready To Move,Kasturi Nagar,3 BHK,,1500,2.0,3.0,80.0
Super built-up  Area,Ready To Move,7th Phase JP Nagar,2 BHK,,1050,2.0,1.0,42.0
Plot  Area,Ready To Move,Ullal Uppanagar,7 Bedroom,,1200,7.0,2.0,169.0
Super built-up  Area,Ready To Move,Nagavarapalya,2 BHK,Goeenes,1335,2.0,3.0,110.0
Built-up  Area,Ready To Move,Bisuvanahalli,2 BHK,Prityel,700,1.0,1.0,32.0
Super built-up  Area,Ready To Move,Marathahalli,2 BHK,Asintas,1350,2.0,1.0,89.0
Super built-up  Area,Ready To Move,NGR Layout,2 BHK,BSian M,1021,2.0,2.0,46.0
Super built-up  Area,22-Jun,Hoodi,3 BHK,GoAirej,1660,3.0,2.0,125.0
Plot  Area,Ready To Move,Bommenahalli,4 Bedroom,Prana S,1670,3.0,0.0,135.0
Plot  Area,Ready To Move,8th Phase JP Nagar,4 Bedroom,,600,5.0,2.0,99.0
Plot  Area,Ready To Move,Ramamurthy Nagar,5 Bedroom,,1640,4.0,3.0,240.0
Built-up  Area,Ready To Move,Kaval Byrasandra,2 BHK,,945,2.0,2.0,50.0
Super built-up  Area,18-Dec,Thanisandra,2 BHK,Omter A,1000 - 1285,2.0,0.0,43.415
Plot  Area,18-Apr,TC Palaya,3 Bedroom,,1200,2.0,0.0,66.0
Super built-up  Area,Ready To Move,JP Nagar,2 BHK,DSillto,1100,2.0,1.0,45.0
Plot  Area,Ready To Move,HSR Layout,4 Bedroom,,2400,4.0,0.0,350.0
Super built-up  Area,Ready To Move,Whitefield,4 BHK,,3262,4.0,2.0,260.0
Built-up  Area,Ready To Move,Whitefield,3 BHK,,1541,3.0,1.0,72.0
Plot  Area,Ready To Move,Margondanahalli,2 Bedroom,,1200,2.0,1.0,65.0
Super built-up  Area,Ready To Move,Garudachar Palya,2 BHK,,1150,2.0,1.0,52.8
Super built-up  Area,19-Feb,Chandapura,2 BHK,PavesGr,598 - 958,2.0,0.0,25.29
Super built-up  Area,18-May,Hosa Road,2 BHK,SStusan,1079,2.0,1.0,32.37
Super built-up  Area,Ready To Move,Kundalahalli,2 BHK,Rasom B,1120,2.0,1.0,53.76
Super built-up  Area,18-Apr,OLd Gurappanapalya,3 BHK,,1250,3.0,2.0,39.0
Super built-up  Area,Ready To Move,Thanisandra,3 BHK,Soitya ,2144,3.0,2.0,135.0
Super built-up  Area,Ready To Move,Vishwanatha Nagenahalli,3 BHK,PrBayGa,2159,3.0,2.0,110.0
Plot  Area,Ready To Move,Nagarbhavi,5 Bedroom,,1200,4.0,3.0,240.0
Super built-up  Area,Ready To Move,Hoskote,3 BHK,VRiewke,1395,2.0,2.0,63.0
Super built-up  Area,Ready To Move,Raja Rajeshwari Nagar,3 BHK,GrrvaGr,1693,3.0,3.0,57.39
Super built-up  Area,Ready To Move,Pai Layout,2 BHK,Kencyes,1255,2.0,1.0,80.0
Super built-up  Area,Ready To Move,Marathahalli,2 BHK,Dwterai,1205,2.0,1.0,75.0
Super built-up  Area,Ready To Move,Kundalahalli,2 BHK,Dieldli,1047,2.0,1.0,84.0
Super built-up  Area,Ready To Move,Akshaya Nagar,2 BHK,,1070,2.0,1.0,54.0
Super built-up  Area,Ready To Move,Uttarahalli,3 BHK,,1250,2.0,3.0,50.0
Super built-up  Area,Ready To Move,Rachenahalli,1 BHK,,680,1.0,1.0,46.0
Super built-up  Area,Ready To Move,Channasandra,2 BHK,Unm 2El,1065,2.0,1.0,35.0
Super built-up  Area,Ready To Move,Banashankari,3 BHK,Sksia A,1426,3.0,2.0,85.0
Super built-up  Area,Ready To Move,Hebbal,3 BHK,Chtert ,1800,3.0,2.0,140.0
Super built-up  Area,Ready To Move,Vijayanagar,2 BHK,J isear,1200,2.0,2.0,62.0
Super built-up  Area,18-Apr,Electronics City Phase 1,3 BHK,Shitt S,1595,3.0,2.0,75.0
Super built-up  Area,Ready To Move,7th Phase JP Nagar,3 BHK,Srncya ,1515,2.0,1.0,76.0
Super built-up  Area,Ready To Move,Nagadevanahalli,2 BHK,,1080,2.0,2.0,39.0
Super built-up  Area,Ready To Move,Hormavu,3 BHK,Undraro,1555,3.0,2.0,75.0
Built-up  Area,18-Mar,Sahakara Nagar,3 BHK,,1655,3.0,1.0,115.0
Super built-up  Area,Ready To Move,Subramanyapura,2 BHK,Mayne A,985,2.0,1.0,58.0
Built-up  Area,Ready To Move,"Kudlu Village, ",3 BHK,,1445,3.0,2.0,64.0
Super built-up  Area,Ready To Move,Hennur Road,2 BHK,GSideS ,1085,2.0,1.0,43.4
Super built-up  Area,Ready To Move,Budigere,2 BHK,PrityTr,1139,2.0,2.0,56.85
Super built-up  Area,Ready To Move,EPIP Zone,3 BHK,BrontLa,2160,4.0,2.0,172.0
Super built-up  Area,Ready To Move,Haralur Road,2 BHK,,1194,2.0,2.0,47.0
Super built-up  Area,19-Dec,Dommasandra,3 BHK,,1033,2.0,2.0,31.5
Plot  Area,Ready To Move,Gubbalala,3 Bedroom,,2500,3.0,1.0,88.0
Plot  Area,Ready To Move,Nagavara,1 Bedroom,,400,1.0,0.0,14.0
Built-up  Area,Ready To Move,Electronic City Phase II,2 BHK,Coush W,1070,2.0,2.0,45.0
Super built-up  Area,Ready To Move,BTM Layout,3 BHK,MRsicla,1470,2.0,2.0,99.0
Super built-up  Area,18-Feb,Whitefield,2 BHK,Alsta F,1012,2.0,1.0,58.0
Super built-up  Area,21-Dec,Thanisandra,4 BHK,Bhe 2ko,2259,3.0,2.0,112.0
Super built-up  Area,Ready To Move,Whitefield,2 BHK,,1125,2.0,2.0,40.0
Built-up  Area,Ready To Move,Kodbisanhalli,3 BHK,KSideas,1480,3.0,2.0,75.0
Super built-up  Area,Ready To Move,Marathahalli,4 BHK,PueraRi,3800,4.0,3.0,205.0
Super built-up  Area,Ready To Move,Kanakpura Road,3 BHK,JRrnauv,1450,3.0,3.0,60.91
Plot  Area,Ready To Move,Thanisandra,1 Bedroom,,1380,1.0,1.0,62.1
Super built-up  Area,19-Dec,Sarjapur  Road,3 BHK,Soini T,1254,3.0,2.0,38.0
Super built-up  Area,Ready To Move,Doddanakundi Industrial Area 2,3 BHK,BrlonAv,1419,3.0,2.0,85.0
Plot  Area,Ready To Move,Anekal,3 Bedroom,SRbiaxu,2400,4.0,0.0,95.0
Super built-up  Area,21-Dec,Kanakpura Road,3 BHK,PrarePa,1100,3.0,2.0,56.57
Super built-up  Area,Ready To Move,Kasavanhalli,2 BHK,,1069,2.0,2.0,55.0
Plot  Area,Ready To Move,NS Palya,2 Bedroom,,2000,2.0,1.0,160.0
Plot  Area,Ready To Move,Laggere,3 Bedroom,,1200,2.0,0.0,150.0
Super built-up  Area,Ready To Move,Adarsh Nagar,2 BHK,Bhncyis,1270,2.0,1.0,50.0
Built-up  Area,Ready To Move,Kaval Byrasandra,2 BHK,ApallEn,1180,2.0,2.0,60.0
Super built-up  Area,18-Aug,Kammasandra,3 BHK,DSOakil,1365,2.0,1.0,34.13
Plot  Area,Ready To Move,Judicial Layout,4 Bedroom,,1500,3.0,2.0,162.0
Super built-up  Area,22-Jun,Hoodi,2 BHK,GoAirej,1132,2.0,1.0,89.0
Super built-up  Area,Ready To Move,Somasundara Palya,3 BHK,,1571,3.0,3.0,63.0
Super built-up  Area,Ready To Move,Rajaji Nagar,3 BHK,,2367,3.0,3.0,375.0
Built-up  Area,Ready To Move,Yelahanka,3 BHK,Niareum,1653,3.0,2.0,120.0
Super built-up  Area,Ready To Move,Kudlu,3 BHK,,1455,2.0,3.0,60.0
Plot  Area,Ready To Move,BTM 2nd Stage,3 Bedroom,,2400,2.0,0.0,360.0
Super built-up  Area,Ready To Move,7th Phase JP Nagar,3 BHK,Eladero,1675,2.0,2.0,135.0
Plot  Area,Ready To Move,Sarjapura - Attibele Road,3 Bedroom,,2400,3.0,3.0,85.0
Super built-up  Area,Ready To Move,Lakshmiamma Garden,3 BHK,,3000,3.0,1.0,265.0
Super built-up  Area,Ready To Move,Bannerghatta Road,3 BHK,Hiate F,1750,3.0,,130.0
Super built-up  Area,Ready To Move,Hessarghatta,3 BHK,StwarSi,1330,3.0,2.0,65.0
Plot  Area,Ready To Move,Konanakunte,3 Bedroom,,2400,2.0,3.0,180.0
Super built-up  Area,Ready To Move,Gandhi Bazar,3 BHK,,1485,2.0,3.0,110.0
Super built-up  Area,Ready To Move,Kallumantapa,2 BHK,SMncyy ,1050,2.0,2.0,50.0
Built-up  Area,Ready To Move,Yelahanka,2 BHK,AdniaSk,1250,2.0,2.0,54.0
Built-up  Area,Ready To Move,KR Puram,6 Bedroom,,4300,6.0,2.0,175.0
Super built-up  Area,19-Dec,Kanakapura,3 BHK,GoityEt,1477,2.0,1.0,69.5
Super built-up  Area,Ready To Move,Subramanyapura,2 BHK,Mayne A,975,2.0,1.0,65.0
Super built-up  Area,Ready To Move,Begur Road,2 BHK,Dhalsh ,1200,2.0,2.0,42.6
Super built-up  Area,18-Jul,Kasavanhalli,3 BHK,Oca 2 V,1600,3.0,3.0,79.0
Super built-up  Area,Ready To Move,Shivaji Nagar,3 BHK,FBazaah,1300,3.0,2.0,170.0
Super built-up  Area,Ready To Move,Gottigere,2 BHK,SMshi M,1245,2.0,2.0,59.0
Super built-up  Area,18-Feb,Thanisandra,2 BHK,Bhmesy ,1296,2.0,2.0,72.0
Super built-up  Area,Ready To Move,Judicial Layout,3 BHK,HRnyaAn,2070,3.0,3.0,162.0
Super built-up  Area,19-Jul,Kanakpura Road,2 BHK,Soazak ,1330,2.0,1.0,107.0
Super built-up  Area,18-May,Silk Board,3 BHK,,1250,3.0,2.0,54.0
Super built-up  Area,18-Nov,Kengeri,2 BHK,VBn 2lm,726,2.0,1.0,35.0
Super built-up  Area,18-Jul,Hosur Road,3 BHK,PuendWe,1689,3.0,2.0,103.0
Super built-up  Area,Ready To Move,Yelahanka New Town,3 BHK,,1610,3.0,2.0,92.0
Super built-up  Area,Ready To Move,Hennur Road,3 BHK,Maity W,1305,2.0,1.0,77.0
Super built-up  Area,Ready To Move,Malleshpalya,2 BHK,,1200,2.0,2.0,46.0
Plot  Area,Ready To Move,Bendiganahalli,3 Bedroom,Brersld,1200,3.0,0.0,95.0
Built-up  Area,Ready To Move,Dodda Nekkundi,2 BHK,Tuentpa,1260,2.0,2.0,55.0
Super built-up  Area,Ready To Move,Electronic City,3 BHK,GMown E,1500,2.0,1.0,64.5
Super built-up  Area,Ready To Move,Nagarbhavi,3 BHK,,1850,3.0,2.0,88.0
Super built-up  Area,18-Dec,Gunjur Palya,2 BHK,,674,1.0,1.0,19.9
Super built-up  Area,Ready To Move,Koramangala,3 BHK,Wiass G,1835,2.0,3.0,155.0
Built-up  Area,Ready To Move,Bhagyalakshmi Avenue,2 BHK,Prineth,955,1.0,2.0,34.01
Super built-up  Area,Ready To Move,EPIP Zone,3 BHK,BrontLa,2710,3.0,2.0,177.0
Super built-up  Area,Ready To Move,Uttarahalli,2 BHK,,938,2.0,0.0,35.0
Built-up  Area,Ready To Move,TC Palaya,2 BHK,,1082,2.0,2.0,64.0
Plot  Area,18-Feb,Sarjapur  Road,3 Bedroom,Cetattu,1200,3.0,2.0,70.0
Super built-up  Area,Ready To Move,Kanakapura,2 BHK,,1160,2.0,1.0,46.39
Plot  Area,Ready To Move,BTM 1st Stage,4 Bedroom,,1215,4.0,3.0,205.0
Super built-up  Area,19-Jul,Yelahanka,2 BHK,Goues A,1033,2.0,1.0,52.58
Super built-up  Area,Ready To Move,Sarjapur  Road,2 BHK,Shthi S,914,2.0,1.0,32.0
Plot  Area,Ready To Move,7th Phase JP Nagar,8 Bedroom,,1200,8.0,,250.0
Super built-up  Area,17-Oct,Ramagondanahalli,3 BHK,ViistLa,1451,3.0,1.0,60.44
